order_id,customer_name,amount,currency,order_date
ORD1001,Allison Hill,499,INR,2026-08-14
ORD1002,Brian Yang,799,INR,2026-08-30
ORD1003,Javier Johnson,4999,INR,2026-08-14
ORD1004,Lance Hoffman,2499,INR,2026-08-30
ORD1005,Jerry Ramirez,1999,INR,2026-08-04
ORD1006,Caitlin Henderson,9999,INR,2026-08-17
ORD1007,Tyler Rogers,1999,INR,2026-08-08
ORD1008,Ian Cooper,2499,INR,2026-08-16
ORD1009,Monica Herrera,4999,INR,2026-08-22
ORD1010,Edward Fuller,3999,INR,2026-08-21
ORD1011,Michele Williams,799,INR,2026-08-15
ORD1012,Victoria Wyatt,4999,INR,2026-08-08
ORD1013,Jesse Flowers,1499,INR,2026-08-11
ORD1014,Daniel Adams,499,INR,2026-08-07
ORD1015,Carolyn Daniel,9999,INR,2026-08-11
ORD1016,Devin Schaefer,2499,INR,2026-08-31
ORD1017,Frederick Tate,499,INR,2026-08-06
ORD1018,Andrew Stewart,3999,INR,2026-08-16
ORD1019,Thomas Bradley,3999,INR,2026-08-19
ORD1020,Jonathan Wilkerson,5999,INR,2026-08-26
ORD1021,Charles Mcgee,9999,INR,2026-08-30
ORD1022,Kevin Hurst,9999,INR,2026-08-23
ORD1023,Zachary Taylor,9999,INR,2026-08-27
ORD1024,Anthony Rodriguez,5999,INR,2026-08-11
ORD1025,Jennifer Brown,1299,INR,2026-08-22
ORD1026,Julie King,1999,INR,2026-08-30
ORD1027,Alexandra Le,2499,INR,2026-08-30
ORD1028,Patricia Peterson,799,INR,2026-08-18
ORD1029,Jesse Mckay,5999,INR,2026-08-16
ORD1030,Pamela Romero,1999,INR,2026-08-09
ORD1031,Elizabeth Fowler,4999,INR,2026-09-02
ORD1032,James Martin,1999,INR,2026-08-29
ORD1033,Linda Burns,5999,INR,2026-08-09
ORD1034,Sherry Decker,799,INR,2026-08-18
ORD1035,David Bradley,9999,INR,2026-08-07
ORD1036,John Jones,1499,INR,2026-08-29
ORD1037,Betty Alvarez,3999,INR,2026-08-30
ORD1038,Joseph Obrien,1499,INR,2026-08-14
ORD1039,Nicole Vaughn,5999,INR,2026-08-19
ORD1040,Michael Brooks,2499,INR,2026-08-29
ORD1041,David Brown,1999,INR,2026-08-05
ORD1042,Crystal Robinson,2499,INR,2026-08-07
ORD1043,Amy Jones,9999,INR,2026-08-05
ORD1044,Andrea Young,1499,INR,2026-08-27
ORD1045,Carlos Walls,3999,INR,2026-08-31
ORD1046,Dana Kennedy,999,INR,2026-08-23
ORD1047,Brent Jordan,1299,INR,2026-08-24
ORD1048,Scott Brown,2499,INR,2026-08-08
ORD1049,Nicholas Mcbride,5999,INR,2026-08-09
ORD1050,Connor West,2499,INR,2026-08-24
ORD1051,Joel Baxter,5999,INR,2026-08-07
ORD1052,Scott Pierce,9999,INR,2026-08-06
ORD1053,Kimberly Smith,999,INR,2026-08-08
ORD1054,Sarah Martin,4999,INR,2026-08-27
ORD1055,Dr. Steven Martin,4999,INR,2026-08-04
ORD1056,Mrs. Rachel Gibson,1499,INR,2026-08-24
ORD1057,Monica Logan,2499,INR,2026-08-27
ORD1058,Edward Novak,3999,INR,2026-09-01
ORD1059,Amy Edwards,499,INR,2026-08-06
ORD1060,Kathryn Farrell,1499,INR,2026-08-11
ORD1061,Jordan York,1499,INR,2026-08-07
ORD1062,Megan Young,1299,INR,2026-08-09
ORD1063,Laura Riley,2499,INR,2026-08-05
ORD1064,Jennifer Silva,4999,INR,2026-08-29
ORD1065,Dean Santiago,4999,INR,2026-08-19
ORD1066,James Powers,5999,INR,2026-08-18
ORD1067,Timothy Walls,1999,INR,2026-08-04
ORD1068,Zachary Ferrell,2999,INR,2026-08-07
ORD1069,Katie Anderson,2999,INR,2026-08-20
ORD1070,Sherry Wood,2999,INR,2026-08-11
ORD1071,Joshua Turner,5999,INR,2026-08-29
ORD1072,Robert Evans,1299,INR,2026-08-09
ORD1073,Brandy Wilson,3999,INR,2026-08-09
ORD1074,Brittney Campbell,2999,INR,2026-08-14
ORD1075,Christina Walters,9999,INR,2026-08-16
ORD1076,Danielle Odonnell,5999,INR,2026-08-06
ORD1077,Jeff Hill,1499,INR,2026-08-04
ORD1078,Carlos Whitney,3999,INR,2026-08-11
ORD1079,Kristen Patterson,5999,INR,2026-08-04
ORD1080,Tony Vazquez,5999,INR,2026-08-11
ORD1081,Sandra Aguilar,4999,INR,2026-08-11
ORD1082,Andrew Diaz,1999,INR,2026-08-05
ORD1083,Christine Wright,799,INR,2026-08-08
ORD1084,Justin Baxter,1299,INR,2026-08-11
ORD1085,Cynthia Martin,5999,INR,2026-08-12
ORD1086,Allison Doyle,1499,INR,2026-08-20
ORD1087,Jennifer Santiago,1299,INR,2026-08-16
ORD1088,Richard Rodriguez,1299,INR,2026-08-05
ORD1089,Courtney Velasquez,999,INR,2026-08-26
ORD1090,Robert Savage,499,INR,2026-08-14
ORD1091,Corey Murphy,499,INR,2026-08-07
ORD1092,Diana May,1299,INR,2026-08-23
ORD1093,Sarah Rivera,2999,INR,2026-08-05
ORD1094,Wesley White,4999,INR,2026-08-16
ORD1095,Kyle Reed,799,INR,2026-08-19
ORD1096,William Wilson,2999,INR,2026-08-31
ORD1097,Andrew Graham,2499,INR,2026-08-29
ORD1098,Kimberly Ball,5999,INR,2026-08-13
ORD1099,Benjamin Beck,9999,INR,2026-08-20
ORD1100,Mary Martinez,9999,INR,2026-08-18
ORD1101,Mary Nguyen,2499,INR,2026-08-18
ORD1102,Cheryl Ortega,2999,INR,2026-08-22
ORD1103,Stephanie Gilbert,2499,INR,2026-08-18
ORD1104,Roy Torres,1299,INR,2026-08-14
ORD1105,Kevin Pena,999,INR,2026-08-26
ORD1106,Michael Dixon,5999,INR,2026-08-12
ORD1107,Diane Beck,9999,INR,2026-08-20
ORD1108,Trevor Young,499,INR,2026-08-19
ORD1109,Curtis Johnson,799,INR,2026-08-15
ORD1110,Miss Patricia Gibson,2499,INR,2026-08-31
ORD1111,Michael Snyder,1299,INR,2026-08-15
ORD1112,Michael Stafford,999,INR,2026-08-09
ORD1113,Colleen Brock,9999,INR,2026-08-29
ORD1114,Justin Lowery,3999,INR,2026-08-09
ORD1115,Robert Contreras,2999,INR,2026-08-31
ORD1116,Tiffany Vance,499,INR,2026-09-02
ORD1117,Stephanie Simmons,3999,INR,2026-08-30
ORD1118,Christopher Hensley,1299,INR,2026-08-25
ORD1119,David Walsh,799,INR,2026-08-29
ORD1120,Mr. Jeremiah Reeves,2999,INR,2026-08-15
ORD1121,Francisco Fernandez,999,INR,2026-08-10
ORD1122,James Hernandez,2999,INR,2026-08-14
ORD1123,Jason Daniels,5999,INR,2026-08-24
ORD1124,Ross Price,3999,INR,2026-09-01
ORD1125,Alicia Gilmore,3999,INR,2026-08-31
ORD1126,Aaron Bell,4999,INR,2026-08-22
ORD1127,Tiffany Barnes,2999,INR,2026-08-30
ORD1128,Stephanie Freeman,4999,INR,2026-08-17
ORD1129,Allen Rogers,9999,INR,2026-08-23
ORD1130,Sara Calhoun,3999,INR,2026-08-29
ORD1131,James Elliott,2499,INR,2026-08-05
ORD1132,Jeffrey Camacho,3999,INR,2026-08-12
ORD1133,James Lewis,2999,INR,2026-08-19
ORD1134,Shawn Ramirez,999,INR,2026-08-24
ORD1135,Bradley Smith,9999,INR,2026-08-30
ORD1136,Trevor Walker,2999,INR,2026-08-07
ORD1137,Marissa Webster,2999,INR,2026-08-16
ORD1138,Alex Hernandez,1499,INR,2026-08-10
ORD1139,Brian Gould,1299,INR,2026-08-26
ORD1140,Pamela Jackson,5999,INR,2026-09-02
ORD1141,Michelle Strickland,1499,INR,2026-08-11
ORD1142,Ashley Johnson,3999,INR,2026-08-19
ORD1143,Susan Brooks,2999,INR,2026-08-13
ORD1144,Michael Burton,5999,INR,2026-08-08
ORD1145,Elizabeth Sutton,1299,INR,2026-08-09
ORD1146,Kylie Williams,1499,INR,2026-08-29
ORD1147,Jacob Hunter,2999,INR,2026-08-20
ORD1148,Jason Henry,9999,INR,2026-08-25
ORD1149,Madison Poole,1499,INR,2026-08-11
ORD1150,Nicholas Sheppard,1299,INR,2026-08-17
ORD1151,Tamara Hampton,1499,INR,2026-08-26
ORD1152,Nicholas Adams,1999,INR,2026-08-15
ORD1153,Angelica Keith,1999,INR,2026-08-15
ORD1154,Laura Barnett,3999,INR,2026-08-20
ORD1155,Samuel White,799,INR,2026-08-14
ORD1156,David Ramirez,999,INR,2026-09-01
ORD1157,Desiree Smith,999,INR,2026-08-13
ORD1158,Nathan Freeman,1299,INR,2026-08-15
ORD1159,Maria Henry,2499,INR,2026-08-04
ORD1160,Daniel Holt,9999,INR,2026-08-18
ORD1161,Jackie Tran,999,INR,2026-08-20
ORD1162,Patrick Rivera,9999,INR,2026-08-26
ORD1163,David Martinez,1299,INR,2026-08-13
ORD1164,Patrick Tapia,799,INR,2026-08-12
ORD1165,Parker Hill,2499,INR,2026-09-01
ORD1166,Kelly Campbell,2499,INR,2026-08-08
ORD1167,Elizabeth Ward,1999,INR,2026-08-18
ORD1168,Joseph Hill,3999,INR,2026-08-06
ORD1169,Melissa Martinez,2999,INR,2026-08-27
ORD1170,Adam Mitchell,2499,INR,2026-08-27
ORD1171,Cody Williams,499,INR,2026-08-27
ORD1172,Austin Vasquez,1299,INR,2026-09-01
ORD1173,Amy Hernandez,2499,INR,2026-08-31
ORD1174,Angela Wright,4999,INR,2026-08-31
ORD1175,Lisa Gibbs,9999,INR,2026-08-14
ORD1176,Jamie Kerr,499,INR,2026-08-18
ORD1177,Wanda Torres,4999,INR,2026-08-06
ORD1178,Natalie Meza,2499,INR,2026-08-14
ORD1179,Deborah Miller,2999,INR,2026-08-15
ORD1180,Benjamin Smith,499,INR,2026-08-25
ORD1181,Julie Johnson,1999,INR,2026-08-17
ORD1182,Michele Gibson,1499,INR,2026-08-15
ORD1183,Rachel Weber,2499,INR,2026-08-13
ORD1184,Joshua Holland,2499,INR,2026-08-16
ORD1185,Andrea Martin,3999,INR,2026-08-18
ORD1186,Samantha Morse,2999,INR,2026-08-25
ORD1187,Michael Lyons,1299,INR,2026-08-17
ORD1188,Katherine Miller,1499,INR,2026-08-05
ORD1189,Morgan Munoz,2499,INR,2026-08-05
ORD1190,Vernon Huff,2999,INR,2026-08-31
ORD1191,Alicia Hubbard,499,INR,2026-08-17
ORD1192,Pamela Thompson,2499,INR,2026-08-29
ORD1193,Sydney White,1999,INR,2026-09-01
ORD1194,Robert Costa,5999,INR,2026-08-26
ORD1195,Gary Santiago,5999,INR,2026-08-11
ORD1196,Michael Roberts,2499,INR,2026-08-23
ORD1197,Krista Gibson,9999,INR,2026-08-19
ORD1198,Brian Barton,999,INR,2026-08-28
ORD1199,April Booth,2999,INR,2026-08-26
ORD1200,Cody Cox,999,INR,2026-08-28
ORD1201,Olivia Harris,2499,INR,2026-08-30
ORD1202,Dwayne Gilmore,4999,INR,2026-08-27
ORD1203,William Lynch,4999,INR,2026-08-15
ORD1204,Emily Smith,5999,INR,2026-08-23
ORD1205,Willie Durham,499,INR,2026-08-26
ORD1206,Maria Moore,799,INR,2026-08-18
ORD1207,Denise Davenport,5999,INR,2026-08-26
ORD1208,Juan Reyes,2499,INR,2026-09-02
ORD1209,Sherry Shields,999,INR,2026-08-17
ORD1210,Sarah Morgan,2999,INR,2026-08-28
ORD1211,Aaron Barber,999,INR,2026-09-01
ORD1212,Mary Grimes,499,INR,2026-08-25
ORD1213,Haley Arnold,1499,INR,2026-08-30
ORD1214,Timothy Kane,2499,INR,2026-08-15
ORD1215,Cynthia Rowe,1999,INR,2026-08-06
ORD1216,John Mcintyre,1299,INR,2026-08-22
ORD1217,Matthew Hoover,2999,INR,2026-08-11
ORD1218,Andrew Shaw MD,1999,INR,2026-08-08
ORD1219,Jessica Fox,1999,INR,2026-08-26
ORD1220,Charles Pitts,2499,INR,2026-08-11
ORD1221,Richard Baker,1499,INR,2026-08-23
ORD1222,Sarah Phelps,2499,INR,2026-08-29
ORD1223,Eugene Higgins,1499,INR,2026-08-27
ORD1224,Amanda Jones,799,INR,2026-08-17
ORD1225,Nicole Hamilton MD,2999,INR,2026-08-08
ORD1226,Michael Berger,499,INR,2026-08-06
ORD1227,Anthony Howard,9999,INR,2026-08-24
ORD1228,Joseph Knight,3999,INR,2026-08-12
ORD1229,Bob Pitts,499,INR,2026-08-15
ORD1230,Mr. David Little MD,1999,INR,2026-08-04
ORD1231,Julie Roberts,1299,INR,2026-08-30
ORD1232,Jeremy Reed,5999,INR,2026-09-01
ORD1233,Victor Vaughn,5999,INR,2026-08-26
ORD1234,Christina Cruz,499,INR,2026-08-27
ORD1235,James Howard,1299,INR,2026-08-18
ORD1236,Elizabeth Spence DDS,1299,INR,2026-08-17
ORD1237,Sean Osborne,499,INR,2026-08-06
ORD1238,Natasha Wall,4999,INR,2026-08-17
ORD1239,Crystal Pham,999,INR,2026-08-14
ORD1240,Lisa Byrd,1299,INR,2026-08-10
ORD1241,Stephanie Lucas,999,INR,2026-08-18
ORD1242,Amanda Diaz,5999,INR,2026-08-10
ORD1243,Edward Burgess,799,INR,2026-08-12
ORD1244,Richard Walter,4999,INR,2026-08-21
ORD1245,Susan Rivas,1299,INR,2026-08-16
ORD1246,Terry Coffey,2999,INR,2026-08-18
ORD1247,Gina Wilson,9999,INR,2026-08-07
ORD1248,Vincent Dalton,1499,INR,2026-08-23
ORD1249,Regina Diaz,1999,INR,2026-08-23
ORD1250,Joshua Gibson,999,INR,2026-08-16
ORD1251,Samantha Bentley,4999,INR,2026-08-09
ORD1252,Kaitlyn Harvey,4999,INR,2026-08-31
ORD1253,Leonard Holland,999,INR,2026-08-26
ORD1254,Elizabeth Ortiz,1499,INR,2026-08-10
ORD1255,Andrew Ferrell,799,INR,2026-08-09
ORD1256,Stephen Taylor,4999,INR,2026-08-26
ORD1257,Travis Horton,499,INR,2026-08-30
ORD1258,Patrick Moore,1499,INR,2026-08-24
ORD1259,Sandra Gilbert,4999,INR,2026-08-17
ORD1260,Jacob Ramos,5999,INR,2026-08-15
ORD1261,Ariana Jennings,2499,INR,2026-08-30
ORD1262,Maria Brown,2499,INR,2026-08-17
ORD1263,Bryan Charles,9999,INR,2026-08-26
ORD1264,Daniel Fowler,1299,INR,2026-08-05
ORD1265,Gavin Zhang,799,INR,2026-08-31
ORD1266,Ronald Spencer,4999,INR,2026-09-01
ORD1267,Sergio Murphy,799,INR,2026-08-11
ORD1268,Linda Ramirez,9999,INR,2026-08-11
ORD1269,Ms. Rebecca Rodriguez,1499,INR,2026-08-05
ORD1270,Hunter Kramer,5999,INR,2026-09-01
ORD1271,Christopher Williams,4999,INR,2026-08-24
ORD1272,Nichole Alvarez,799,INR,2026-08-21
ORD1273,Ashley Gordon,4999,INR,2026-09-02
ORD1274,Richard Camacho,499,INR,2026-08-29
ORD1275,Mason Johnson,1999,INR,2026-08-27
ORD1276,Jessica Rodriguez,3999,INR,2026-08-25
ORD1277,Bobby Franklin,2499,INR,2026-08-07
ORD1278,Marcus Richards,5999,INR,2026-08-19
ORD1279,Kyle Phillips,1999,INR,2026-08-28
ORD1280,Annette Miles,799,INR,2026-08-30
ORD1281,Cindy Hayes,3999,INR,2026-08-15
ORD1282,Ronald Ross,5999,INR,2026-08-08
ORD1283,Erik Scott,1999,INR,2026-08-11
ORD1284,Kara Davis,499,INR,2026-08-08
ORD1285,Brent Rodgers,2499,INR,2026-08-10
ORD1286,Laurie Hoffman,2999,INR,2026-08-20
ORD1287,Jennifer Russo,799,INR,2026-08-24
ORD1288,Michelle Schmitt,2499,INR,2026-09-02
ORD1289,Brian Romero,1999,INR,2026-08-11
ORD1290,Courtney Rodriguez,5999,INR,2026-08-31
ORD1291,Phillip Andrews,2999,INR,2026-08-24
ORD1292,Vanessa Cardenas,9999,INR,2026-09-02
ORD1293,Kristin Lynch,999,INR,2026-08-16
ORD1294,Donald Farmer,2499,INR,2026-08-20
ORD1295,Christopher Thomas,9999,INR,2026-08-23
ORD1296,Patrick Bonilla,3999,INR,2026-08-08
ORD1297,Cindy Barnes,5999,INR,2026-08-20
ORD1298,Eric Nguyen,4999,INR,2026-08-31
ORD1299,Sophia Moore,3999,INR,2026-09-02
ORD1300,Brad Ramos,2999,INR,2026-08-24
ORD1301,Mr. Donald Fischer,2999,INR,2026-08-09
ORD1302,Brian Gregory,2499,INR,2026-09-01
ORD1303,Mr. Andrew Foster,9999,INR,2026-09-02
ORD1304,Dan Dougherty,4999,INR,2026-08-10
ORD1305,Donna Wilson,1499,INR,2026-08-28
ORD1306,Casey James,1999,INR,2026-08-15
ORD1307,Sandra Drake,1299,INR,2026-08-07
ORD1308,Patrick Graham,799,INR,2026-08-26
ORD1309,Shannon Johnston,1499,INR,2026-08-31
ORD1310,Mark Roberts,2999,INR,2026-08-23
ORD1311,Frederick Solis,1299,INR,2026-08-26
ORD1312,Tamara Davis,2999,INR,2026-08-09
ORD1313,Kevin Warren,4999,INR,2026-08-23
ORD1314,Nichole Walker,4999,INR,2026-08-12
ORD1315,Mark Schmidt,5999,INR,2026-08-13
ORD1316,Hannah Luna,2499,INR,2026-08-11
ORD1317,Charles Gonzalez,1999,INR,2026-09-02
ORD1318,Peter Jones,499,INR,2026-08-27
ORD1319,Justin Riley,2999,INR,2026-08-31
ORD1320,Victoria Morris,1999,INR,2026-08-19
ORD1321,Barry Ramos,999,INR,2026-08-18
ORD1322,Leslie Bell,2999,INR,2026-08-07
ORD1323,Jesse Brown,1299,INR,2026-08-17
ORD1324,Sean Wyatt,1999,INR,2026-09-02
ORD1325,Janice Carpenter,1499,INR,2026-08-05
ORD1326,Robert Pearson,1999,INR,2026-08-19
ORD1327,Kathryn Rosario,1499,INR,2026-08-25
ORD1328,Steven Cooper,4999,INR,2026-08-08
ORD1329,Carrie Wright,9999,INR,2026-08-25
ORD1330,Kelly Bishop MD,1499,INR,2026-08-17
ORD1331,Raymond Shelton,3999,INR,2026-08-06
ORD1332,Maria Jones,499,INR,2026-08-08
ORD1333,Jasmine King,799,INR,2026-09-02
ORD1334,Felicia Aguilar,1299,INR,2026-08-10
ORD1335,Emily Douglas,9999,INR,2026-08-23
ORD1336,Michael Miller,2499,INR,2026-08-31
ORD1337,Rickey Li,2999,INR,2026-08-29
ORD1338,Michael Romero,3999,INR,2026-08-04
ORD1339,Christopher Lewis,1299,INR,2026-08-27
ORD1340,Zachary Moore,9999,INR,2026-08-18
ORD1341,Ashley Wise,5999,INR,2026-08-29
ORD1342,George Miranda,9999,INR,2026-08-10
ORD1343,Brittany White,2999,INR,2026-08-12
ORD1344,Amanda Diaz,2999,INR,2026-08-15
ORD1345,Lisa Goodwin,499,INR,2026-08-25
ORD1346,David Sheppard,799,INR,2026-08-26
ORD1347,Cheyenne Gregory,1499,INR,2026-08-31
ORD1348,Mrs. Diane Reyes,1299,INR,2026-08-29
ORD1349,Christopher Gonzalez,2499,INR,2026-09-02
ORD1350,David Davidson,9999,INR,2026-08-22
ORD1351,Ashley Singleton,1299,INR,2026-08-10
ORD1352,Phillip Nelson,1499,INR,2026-08-28
ORD1353,Jeffrey Potts,5999,INR,2026-08-14
ORD1354,Stacey Arias,4999,INR,2026-08-24
ORD1355,Jonathan Young,1999,INR,2026-08-07
ORD1356,Alfred Galvan,2999,INR,2026-08-20
ORD1357,Brenda Mitchell,3999,INR,2026-08-26
ORD1358,Brenda Thornton,3999,INR,2026-08-25
ORD1359,Susan Smith,1999,INR,2026-08-14
ORD1360,Kimberly Acosta,2499,INR,2026-08-29
ORD1361,Ricardo Young,9999,INR,2026-08-09
ORD1362,Jason Bauer,3999,INR,2026-08-26
ORD1363,Russell Porter,1999,INR,2026-08-30
ORD1364,Jose Allen,1999,INR,2026-08-10
ORD1365,Aaron Gomez,9999,INR,2026-08-31
ORD1366,Matthew Miller,2999,INR,2026-08-21
ORD1367,Joseph Romero,1499,INR,2026-08-28
ORD1368,Jeanette Harrison,1499,INR,2026-08-22
ORD1369,Mrs. Alexis Kramer,1499,INR,2026-08-20
ORD1370,Matthew Garcia,1299,INR,2026-09-01
ORD1371,Evelyn Williams,799,INR,2026-08-30
ORD1372,Marvin Greer,9999,INR,2026-08-26
ORD1373,Mrs. Catherine Taylor,1299,INR,2026-08-26
ORD1374,Dakota Moody,1999,INR,2026-08-06
ORD1375,Eric Sanders,799,INR,2026-08-30
ORD1376,Andrew Lucas,9999,INR,2026-08-17
ORD1377,Richard Glenn,3999,INR,2026-08-20
ORD1378,Robert Kim,9999,INR,2026-08-23
ORD1379,Stephanie Hughes,999,INR,2026-08-13
ORD1380,Jonathan Glass MD,1299,INR,2026-08-08
ORD1381,Angela Morrison,1299,INR,2026-08-12
ORD1382,Erica Miller,9999,INR,2026-08-18
ORD1383,Lance Simmons,2999,INR,2026-08-25
ORD1384,Andrew Berg,1499,INR,2026-08-21
ORD1385,Jessica Fowler,9999,INR,2026-08-06
ORD1386,Mark Cox,4999,INR,2026-08-11
ORD1387,Brenda Lawson,3999,INR,2026-08-25
ORD1388,Austin Osborne,4999,INR,2026-08-21
ORD1389,Travis Johnson,1499,INR,2026-08-11
ORD1390,Tiffany Watson,799,INR,2026-08-07
ORD1391,Kendra Sanders,1299,INR,2026-08-17
ORD1392,Brian Fitzgerald,1499,INR,2026-08-28
ORD1393,Susan Wilson,1299,INR,2026-08-16
ORD1394,Cindy Carr,1999,INR,2026-08-27
ORD1395,Chad Jones,1499,INR,2026-08-12
ORD1396,Jill Miller,499,INR,2026-08-19
ORD1397,Michelle Pierce,9999,INR,2026-08-18
ORD1398,Sarah Joseph,3999,INR,2026-08-12
ORD1399,Katie Martinez,999,INR,2026-08-13
ORD1400,Cynthia Snyder,499,INR,2026-08-21
ORD1401,Jackie Lara,499,INR,2026-08-30
ORD1402,Stephen Jones,3999,INR,2026-08-23
ORD1403,Dr. Kelly Hammond DVM,1499,INR,2026-08-07
ORD1404,Evan Jones,9999,INR,2026-08-26
ORD1405,Haley Humphrey,999,INR,2026-08-30
ORD1406,Catherine Burch,5999,INR,2026-08-25
ORD1407,Sheena Guerra,2999,INR,2026-08-29
ORD1408,Christopher Morris,799,INR,2026-08-14
ORD1409,Todd Jacobson,499,INR,2026-08-07
ORD1410,Mark Pierce,4999,INR,2026-08-10
ORD1411,Lisa Davis,1499,INR,2026-08-12
ORD1412,Lauren Jackson,2999,INR,2026-09-02
ORD1413,Thomas Williams,2999,INR,2026-08-05
ORD1414,Travis Wise,2999,INR,2026-08-16
ORD1415,Pamela Butler,1999,INR,2026-08-05
ORD1416,Mr. Dylan Frye MD,999,INR,2026-08-23
ORD1417,Benjamin Brown,499,INR,2026-08-25
ORD1418,John Peterson,1499,INR,2026-08-10
ORD1419,Nathan Gross,2999,INR,2026-08-20
ORD1420,Bianca Wood,799,INR,2026-08-31
ORD1421,David Martinez,799,INR,2026-08-25
ORD1422,Brent Roberts,2499,INR,2026-08-22
ORD1423,Jennifer Estes,2999,INR,2026-08-11
ORD1424,Taylor Griffith,799,INR,2026-08-13
ORD1425,Kathleen Robertson,4999,INR,2026-08-28
ORD1426,Kathleen Davis,5999,INR,2026-08-23
ORD1427,Tracy Lewis,5999,INR,2026-08-21
ORD1428,Douglas Harper,499,INR,2026-08-26
ORD1429,Adam Rodriguez,999,INR,2026-08-10
ORD1430,Monica Gallagher,999,INR,2026-08-21
ORD1431,Anthony Hoffman,4999,INR,2026-08-21
ORD1432,Angel Gordon,799,INR,2026-08-30
ORD1433,William Becker,1299,INR,2026-08-09
ORD1434,Brent Brooks,799,INR,2026-08-20
ORD1435,Holly Thomas,3999,INR,2026-09-02
ORD1436,Kathryn Williams,2499,INR,2026-08-10
ORD1437,Regina Stone,4999,INR,2026-08-11
ORD1438,Kaylee Murphy,4999,INR,2026-09-02
ORD1439,James Jensen,4999,INR,2026-08-18
ORD1440,Katie Hicks,1299,INR,2026-08-27
ORD1441,Elizabeth Cabrera,3999,INR,2026-08-21
ORD1442,Brian Butler,2999,INR,2026-08-18
ORD1443,Molly Watts,2999,INR,2026-08-05
ORD1444,Deborah Rios,1499,INR,2026-09-01
ORD1445,Mikayla Silva,4999,INR,2026-08-12
ORD1446,Michelle Hampton,2499,INR,2026-08-22
ORD1447,Michael Johnson,1499,INR,2026-08-09
ORD1448,Jeremy Barnes,4999,INR,2026-08-24
ORD1449,Jennifer Hampton,4999,INR,2026-08-26
ORD1450,Nancy Brown,499,INR,2026-08-10
ORD1451,Kristina Bolton,4999,INR,2026-08-27
ORD1452,Emily Thompson,9999,INR,2026-08-29
ORD1453,Hector Ingram,799,INR,2026-08-16
ORD1454,Cheryl Wright,1299,INR,2026-08-31
ORD1455,Todd Hendrix,5999,INR,2026-08-18
ORD1456,Melissa Burns,1299,INR,2026-08-27
ORD1457,Timothy Pope,1499,INR,2026-08-17
ORD1458,Kenneth Daniels,5999,INR,2026-08-23
ORD1459,Tina Ballard,799,INR,2026-08-18
ORD1460,Tyler Miller,999,INR,2026-08-25
ORD1461,Nicole Lewis,999,INR,2026-08-30
ORD1462,Justin Nelson,3999,INR,2026-08-09
ORD1463,Laurie Sanchez,799,INR,2026-08-29
ORD1464,David Garcia,999,INR,2026-08-20
ORD1465,Ashlee Townsend,2499,INR,2026-08-04
ORD1466,Vanessa Moore,2999,INR,2026-08-27
ORD1467,Curtis Maynard,9999,INR,2026-08-19
ORD1468,Anthony Mack,4999,INR,2026-08-31
ORD1469,Parker Jefferson,2999,INR,2026-08-05
ORD1470,Carrie Khan,1499,INR,2026-08-12
ORD1471,Amanda Huff,499,INR,2026-08-28
ORD1472,Paul Brennan,1299,INR,2026-08-18
ORD1473,Alexandra Bradley,1499,INR,2026-08-09
ORD1474,Frances Gibson,9999,INR,2026-08-30
ORD1475,Stacy Anderson,1499,INR,2026-08-28
ORD1476,Corey Rodriguez,9999,INR,2026-08-11
ORD1477,Mariah Higgins,2999,INR,2026-08-04
ORD1478,Rachel Bradley,799,INR,2026-08-13
ORD1479,Scott Prince,5999,INR,2026-08-24
ORD1480,Angie Caldwell,1299,INR,2026-08-12
ORD1481,Mrs. Taylor Smith,1499,INR,2026-08-22
ORD1482,Paul Finley,5999,INR,2026-08-18
ORD1483,Laura Green,4999,INR,2026-08-21
ORD1484,Amy Wilson,5999,INR,2026-08-18
ORD1485,Michael Leblanc,1299,INR,2026-08-19
ORD1486,Margaret Shepard,2499,INR,2026-08-21
ORD1487,Colleen Anderson,799,INR,2026-08-11
ORD1488,William Brooks,3999,INR,2026-08-30
ORD1489,Nicole Pham,1299,INR,2026-08-14
ORD1490,Melanie Larson,5999,INR,2026-08-07
ORD1491,Kelsey Cox,999,INR,2026-08-31
ORD1492,Ronald Leach,1499,INR,2026-08-13
ORD1493,Brittany Murphy,999,INR,2026-08-29
ORD1494,Michael Love,799,INR,2026-08-27
ORD1495,Jordan Stokes,499,INR,2026-08-26
ORD1496,Jason Elliott,999,INR,2026-08-31
ORD1497,Robert Cummings,1499,INR,2026-08-23
ORD1498,Aaron Robinson,4999,INR,2026-08-07
ORD1499,Gregory Brown,9999,INR,2026-08-06
ORD1500,Andrea Peck,4999,INR,2026-08-05
