payment_id,order_id,customer_name,amount,currency,status,payment_date
PAY5001,ORD1001,Allison Hill,499,INR,captured,2026-08-14
PAY5002,ORD1002,Brian Yang,799,INR,captured,2026-08-30
PAY5003,ORD1003,Javier Johnson,4999,INR,captured,2026-08-14
PAY5004,ORD1004,Lance Hoffman,2499,INR,captured,2026-08-30
PAY5005,ORD1005,Jerry Ramirez,1999,INR,captured,2026-08-04
PAY5006,ORD1006,Caitlin Henderson,9999,INR,captured,2026-08-17
PAY5007,ORD1007,Tyler Rogers,1999,INR,captured,2026-08-08
PAY5008,ORD1008,Ian Cooper,2499,INR,captured,2026-08-16
PAY5009,ORD1009,Monica Herrera,4999,INR,captured,2026-08-22
PAY5010,ORD1010,Edward Fuller,3999,INR,captured,2026-08-21
PAY5011,ORD1011,Michele Williams,799,INR,captured,2026-08-15
PAY5012,ORD1012,Victoria Wyatt,4999,INR,captured,2026-08-08
PAY5013,ORD1013,Jesse Flowers,1499,INR,captured,2026-08-11
PAY5014,ORD1014,Daniel Adams,499,INR,captured,2026-08-07
PAY5015,ORD1015,Carolyn Daniel,9999,INR,captured,2026-08-11
PAY5016,ORD1016,Devin Schaefer,2499,INR,captured,2026-08-31
PAY5017,ORD1017,FREDERICK TATE,499,INR,captured,2026-08-06
PAY5018,ORD1018,Andrew Stewart,3999,INR,captured,2026-08-16
PAY5019,ORD1019,Thomas Bradley,3999,INR,captured,2026-08-19
PAY5020,ORD1020,Jonathan Wilkerson,5999,INR,captured,2026-08-26
PAY5021,ORD1021,Charles Mcgee,9999,INR,captured,2026-08-30
PAY5022,ORD1022,Kevin Hurst,9999,INR,captured,2026-08-23
PAY5023,ORD1023,Zachary Taylor,9999,INR,captured,2026-08-27
PAY5024,ORD1024,Anthony Rodriguez,5999,INR,captured,2026-08-11
PAY5025,ORD1025,Jennifer Brown,1299,INR,captured,2026-08-22
PAY5026,ORD1026,Julie King,1999,INR,captured,2026-08-30
PAY5026_DUP,ORD1026,,1999,INR,captured,2026-08-30
PAY5027,ORD1027,Alexandra Le,2499,INR,captured,2026-08-30
PAY5028,ORD1028,Patricia Peterson,799,INR,captured,2026-08-18
PAY5029,ORD1029,Jesse Mckay,5999,INR,captured,2026-08-16
PAY5030,ORD1030,Pamela Romero,1999,INR,captured,2026-08-09
PAY5031,ORD1031,Elizabeth Fowler,4999,INR,captured,2026-09-02
PAY5032,ORD1032,James Martin,1999,INR,captured,2026-08-29
PAY5033,ORD1033,Linda Burns,5999,INR,captured,2026-08-09
PAY5034,ORD1034,Sherry Decker,799,INR,captured,2026-08-18
PAY5035,ORD1035,David Bradley,9999,INR,captured,2026-08-07
PAY5036,ORD1036,John Jones,1499,INR,captured,2026-08-29
PAY5037,ORD1037,Betty Alvarez,3999,INR,captured,2026-08-30
PAY5038,ORD1038,Joseph Obrien,1499,INR,captured,2026-08-14
PAY5039,ORD1039,Nicole Vaughn,5999,INR,captured,2026-08-19
PAY5040,ORD1040,Michael Brooks,2499,INR,captured,2026-08-29
PAY5041,ORD1041,DAVID BROWN,1999,INR,captured,2026-08-05
PAY5042,ORD1042,Crystal Robinson,2499,INR,captured,2026-08-07
PAY5043,ORD1043,Amy Jones,9999,INR,captured,2026-08-05
PAY5044,ORD1044,Andrea Young,1499,INR,captured,2026-08-27
PAY5045,ORD1045,Carlos Walls,3999,INR,captured,2026-08-31
PAY5046,ORD1046,Dana Kennedy,999,INR,captured,2026-08-23
PAY5047,ORD1047,Brent Jordan,1299,INR,captured,2026-08-24
PAY5048,ORD1048,Scott Brown,2499,INR,captured,2026-08-08
PAY5049,ORD1049,Nicholas Mcbride,5999,INR,captured,2026-08-09
PAY5050,ORD1050,Connor West,2499,INR,captured,2026-08-24
PAY5051,ORD1051,Joel Baxter,5999,INR,captured,2026-08-07
PAY5052,ORD1052,Scott Pierce,9999,INR,captured,2026-08-06
PAY5053,ORD1053,Kimberly Smith,999,INR,captured,2026-08-08
PAY5054,ORD1054,Sarah Martin,4999,INR,captured,2026-08-27
PAY5055,ORD1055,Dr. Steven Martin,4999,INR,captured,2026-08-04
PAY5056,ORD1056,Mrs. Rachel Gibson,1499,INR,captured,2026-08-24
PAY5057,ORD1057,Monica Logan,2499,INR,captured,2026-08-27
PAY5058,ORD1058,Edward Novak,3999,INR,captured,2026-09-01
PAY5059,ORD1059,Amy Edwards,499,INR,captured,2026-08-06
PAY5060,ORD1060,KATHRYN FARRELL,1499,INR,captured,2026-08-11
PAY5061,ORD1061,Jordan York,1499,INR,captured,2026-08-07
PAY5062,ORD1062,Megan Young,1299,INR,captured,2026-08-09
PAY5063,ORD1063,Laura Riley,2499,INR,captured,2026-08-05
PAY5064,ORD1064,Jennifer Silva,4999,INR,captured,2026-08-29
PAY5065,ORD1065,Dean Santiago,4999,INR,captured,2026-08-19
PAY5066,ORD1066,James Powers,5999,INR,captured,2026-08-18
PAY5067,ORD1067,Timothy Walls,1999,INR,captured,2026-08-04
PAY5068,ORD1068,Zachary Ferrell,2999,INR,captured,2026-08-07
PAY5069,ORD1069,Katie Anderson,2999,INR,captured,2026-08-20
PAY5071,ORD1071,Joshua Turner,5999,INR,captured,2026-08-29
PAY5072,ORD1072,Robert Evans,1299,INR,captured,2026-08-09
PAY5072_DUP,ORD1072,,1299,INR,captured,2026-08-09
PAY5073,ORD1073,Brandy Wilson,3999,INR,captured,2026-08-09
PAY5074,ORD1074,BRITTNEY CAMPBELL,2999,INR,captured,2026-08-14
PAY5075,ORD1075,Christina Walters,9999,INR,captured,2026-08-16
PAY5076,ORD1076,Danielle Odonnell,5999,INR,captured,2026-08-06
PAY5077,ORD1077,Jeff Hill,1499,INR,captured,2026-08-04
PAY5078,ORD1078,Carlos Whitney,3999,INR,captured,2026-08-11
PAY5079,ORD1079,Kristen Patterson,5999,INR,captured,2026-08-04
PAY5080,ORD1080,Tony Vazquez,5999,INR,captured,2026-08-11
PAY5081,ORD1081,Sandra Aguilar,4999,INR,captured,2026-08-11
PAY5082,ORD1082,Andrew Diaz,1999,INR,captured,2026-08-05
PAY5083,ORD1083,Christine Wright,799,INR,captured,2026-08-08
PAY5084,ORD1084,Justin Baxter,1299,INR,captured,2026-08-11
PAY5085,ORD1085,Cynthia Martin,5999,INR,captured,2026-08-12
PAY5086,ORD1086,Allison Doyle,1499,INR,captured,2026-08-20
PAY5087,ORD1087,JENNIFER SANTIAGO,1299,INR,captured,2026-08-16
PAY5088,ORD1088,Richard Rodriguez,1299,INR,captured,2026-08-05
PAY5089,ORD1089,Courtney Velasquez,999,INR,captured,2026-08-26
PAY5090,ORD1090,Robert Savage,499,INR,captured,2026-08-14
PAY5091,ORD1091,Corey Murphy,499,INR,captured,2026-08-07
PAY5092,ORD1092,Diana May,1299,INR,captured,2026-08-23
PAY5093,ORD1093,Sarah Rivera,2999,INR,captured,2026-08-05
PAY5094,ORD1094,Wesley White,4999,INR,captured,2026-08-16
PAY5095,ORD1095,Kyle Reed,799,INR,captured,2026-08-19
PAY5096,ORD1096,William Wilson,2999,INR,captured,2026-08-31
PAY5097,ORD1097,Andrew Graham,2499,INR,captured,2026-08-29
PAY5098,ORD1098,Kimberly Ball,5999,INR,captured,2026-08-13
PAY5099,ORD1099,Benjamin Beck,9999,INR,captured,2026-08-20
PAY5100,ORD1100,Mary Martinez,9999,INR,captured,2026-08-18
PAY5101,ORD1101,Mary Nguyen,2499,INR,captured,2026-08-18
PAY5102,ORD1102,CHERYL ORTEGA,2999,INR,captured,2026-08-22
PAY5103,ORD1103,Stephanie Gilbert,2499,INR,captured,2026-08-18
PAY5104,ORD1104,ROY TORRES,1299,INR,captured,2026-08-14
PAY5105,ORD1105,Kevin Pena,999,INR,captured,2026-08-26
PAY5106,ORD1106,Michael Dixon,5999,INR,captured,2026-08-12
PAY5107,ORD1107,Diane Beck,9999,INR,captured,2026-08-20
PAY5108,ORD1108,Trevor Young,499,INR,captured,2026-08-19
PAY5109,ORD1109,Curtis Johnson,799,INR,captured,2026-08-15
PAY5110,ORD1110,Miss Patricia Gibson,2499,INR,captured,2026-08-31
PAY5111,ORD1111,Michael Snyder,1299,INR,captured,2026-08-15
PAY5112,ORD1112,Michael Stafford,999,INR,captured,2026-08-09
PAY5113,ORD1113,Colleen Brock,9999,INR,captured,2026-08-29
PAY5114,ORD1114,Justin Lowery,3999,INR,captured,2026-08-09
PAY5115,ORD1115,ROBERT CONTRERAS,2999,INR,captured,2026-08-31
PAY5116,ORD1116,Tiffany Vance,499,INR,captured,2026-09-02
PAY5117,ORD1117,Stephanie Simmons,3999,INR,captured,2026-08-30
PAY5118,ORD1118,Christopher Hensley,1299,INR,captured,2026-08-25
PAY5119,ORD1119,David Walsh,799,INR,captured,2026-08-29
PAY5120,ORD1120,Mr. Jeremiah Reeves,2999,INR,captured,2026-08-15
PAY5121,ORD1121,Francisco Fernandez,999,INR,captured,2026-08-10
PAY5122,ORD1122,James Hernandez,2999,INR,captured,2026-08-14
PAY5123,ORD1123,Jason Daniels,5999,INR,captured,2026-08-24
PAY5124,ORD1124,Ross Price,3999,INR,captured,2026-09-01
PAY5125,ORD1125,Alicia Gilmore,3999,INR,captured,2026-08-31
PAY5126,ORD1126,Aaron Bell,4999,INR,captured,2026-08-22
PAY5127,ORD1127,Tiffany Barnes,2999,INR,captured,2026-08-30
PAY5128,ORD1128,Stephanie Freeman,4999,INR,captured,2026-08-17
PAY5129,ORD1129,Allen Rogers,9999,INR,captured,2026-08-23
PAY5130,ORD1130,Sara Calhoun,3999,INR,captured,2026-08-29
PAY5131,ORD1131,James Elliott,2499,INR,captured,2026-08-05
PAY5132,ORD1132,Jeffrey Camacho,3999,INR,captured,2026-08-12
PAY5133,ORD1133,James Lewis,2999,INR,captured,2026-08-19
PAY5134,ORD1134,Shawn Ramirez,999,INR,captured,2026-08-24
PAY5135,ORD1135,Bradley Smith,9999,INR,captured,2026-08-30
PAY5136,ORD1136,Trevor Walker,2999,INR,captured,2026-08-07
PAY5137,ORD1137,Marissa Webster,2999,INR,captured,2026-08-16
PAY5138,ORD1138,Alex Hernandez,1499,INR,captured,2026-08-10
PAY5139,ORD1139,BRIAN GOULD,1299,INR,captured,2026-08-26
PAY5140,ORD1140,Pamela Jackson,5999,INR,captured,2026-09-02
PAY5140_DUP,ORD1140,,5999,INR,captured,2026-09-02
PAY5141,ORD1141,Michelle Strickland,1499,INR,captured,2026-08-11
PAY5143,ORD1143,Susan Brooks,2999,INR,captured,2026-08-13
PAY5144,ORD1144,Michael Burton,5999,INR,captured,2026-08-08
PAY5145,ORD1145,Elizabeth Sutton,1299,INR,captured,2026-08-09
PAY5146,ORD1146,Kylie Williams,1499,INR,captured,2026-08-29
PAY5147,ORD1147,Jacob Hunter,2999,INR,captured,2026-08-20
PAY5148,ORD1148,Jason Henry,9999,INR,captured,2026-08-25
PAY5149,ORD1149,Madison Poole,1499,INR,captured,2026-08-11
PAY5150,ORD1150,Nicholas Sheppard,1299,INR,captured,2026-08-17
PAY5150_DUP,ORD1150,,1299,INR,captured,2026-08-17
PAY5151,ORD1151,Tamara Hampton,1499,INR,captured,2026-08-26
PAY5152,ORD1152,Nicholas Adams,1999,INR,captured,2026-08-15
PAY5153,ORD1153,Angelica Keith,1999,INR,captured,2026-08-15
PAY5154,ORD1154,Laura Barnett,3999,INR,captured,2026-08-20
PAY5155,ORD1155,SAMUEL WHITE,799,INR,captured,2026-08-14
PAY5156,ORD1156,David Ramirez,999,INR,captured,2026-09-01
PAY5156_DUP,ORD1156,,999,INR,captured,2026-09-01
PAY5157,ORD1157,Desiree Smith,999,INR,captured,2026-08-13
PAY5158,ORD1158,Nathan Freeman,1299,INR,captured,2026-08-15
PAY5160,ORD1160,Daniel Holt,9999,INR,captured,2026-08-18
PAY5161,ORD1161,Jackie Tran,999,INR,captured,2026-08-20
PAY5162,ORD1162,Patrick Rivera,9999,INR,captured,2026-08-26
PAY5163,ORD1163,David Martinez,1299,INR,captured,2026-08-13
PAY5164,ORD1164,Patrick Tapia,799,INR,captured,2026-08-12
PAY5165,ORD1165,Parker Hill,2499,INR,captured,2026-09-01
PAY5166,ORD1166,Kelly Campbell,2499,INR,captured,2026-08-08
PAY5167,ORD1167,Elizabeth Ward,1999,INR,captured,2026-08-18
PAY5168,ORD1168,Joseph Hill,3999,INR,captured,2026-08-06
PAY5169,ORD1169,Melissa Martinez,2999,INR,captured,2026-08-27
PAY5170,ORD1170,Adam Mitchell,2499,INR,captured,2026-08-27
PAY5171,ORD1171,Cody Williams,499,INR,captured,2026-08-27
PAY5172,ORD1172,Austin Vasquez,1299,INR,captured,2026-09-01
PAY5173,ORD1173,Amy Hernandez,2499,INR,captured,2026-08-31
PAY5174,ORD1174,Angela Wright,4999,INR,captured,2026-08-31
PAY5175,ORD1175,Lisa Gibbs,9999,INR,captured,2026-08-14
PAY5176,ORD1176,Jamie Kerr,499,INR,captured,2026-08-18
PAY5177,ORD1177,Wanda Torres,4999,INR,captured,2026-08-06
PAY5178,ORD1178,Natalie Meza,2499,INR,captured,2026-08-14
PAY5179,ORD1179,Deborah Miller,2999,INR,captured,2026-08-15
PAY5180,ORD1180,Benjamin Smith,499,INR,captured,2026-08-25
PAY5180_DUP,ORD1180,,499,INR,captured,2026-08-25
PAY5181,ORD1181,Julie Johnson,1999,INR,captured,2026-08-17
PAY5182,ORD1182,Michele Gibson,1499,INR,captured,2026-08-15
PAY5183,ORD1183,Rachel Weber,2499,INR,captured,2026-08-13
PAY5184,ORD1184,Joshua Holland,2499,INR,captured,2026-08-16
PAY5184_DUP,ORD1184,,2499,INR,captured,2026-08-16
PAY5185,ORD1185,Andrea Martin,3999,INR,captured,2026-08-18
PAY5186,ORD1186,Samantha Morse,2999,INR,captured,2026-08-25
PAY5187,ORD1187,Michael Lyons,1299,INR,captured,2026-08-17
PAY5188,ORD1188,Katherine Miller,1499,INR,captured,2026-08-05
PAY5189,ORD1189,Morgan Munoz,2499,INR,captured,2026-08-05
PAY5190,ORD1190,Vernon Huff,2999,INR,captured,2026-08-31
PAY5191,ORD1191,Alicia Hubbard,499,INR,captured,2026-08-17
PAY5192,ORD1192,Pamela Thompson,2499,INR,captured,2026-08-29
PAY5193,ORD1193,Sydney White,1999,INR,captured,2026-09-01
PAY5195,ORD1195,Gary Santiago,5999,INR,captured,2026-08-11
PAY5196,ORD1196,Michael Roberts,2499,INR,captured,2026-08-23
PAY5197,ORD1197,Krista Gibson,9999,INR,captured,2026-08-19
PAY5198,ORD1198,Brian Barton,999,INR,captured,2026-08-28
PAY5199,ORD1199,April Booth,2999,INR,captured,2026-08-26
PAY5200,ORD1200,Cody Cox,999,INR,captured,2026-08-28
PAY5201,ORD1201,Olivia Harris,2499,INR,captured,2026-08-30
PAY5202,ORD1202,Dwayne Gilmore,4999,INR,captured,2026-08-27
PAY5203,ORD1203,William Lynch,4999,INR,captured,2026-08-15
PAY_UNMATCHED_204,ORD1204,Emily Smith,5999,INR,captured,2026-08-23
PAY5205,ORD1205,Willie Durham,499,INR,captured,2026-08-26
PAY_UNMATCHED_206,ORD1206,Maria Moore,799,INR,captured,2026-08-18
PAY5207,ORD1207,Denise Davenport,5999,INR,captured,2026-08-26
PAY5208,ORD1208,Juan Reyes,2499,INR,captured,2026-09-02
PAY5209,ORD1209,Sherry Shields,999,INR,captured,2026-08-17
PAY5210,ORD1210,Sarah Morgan,2999,INR,captured,2026-08-28
PAY5211,ORD1211,AARON BARBER,999,INR,captured,2026-09-01
PAY5212,ORD1212,Mary Grimes,499,INR,captured,2026-08-25
PAY5213,ORD1213,Haley Arnold,1499,INR,captured,2026-08-30
PAY5214,ORD1214,Timothy Kane,2499,INR,captured,2026-08-15
PAY_UNMATCHED_215,ORD1215,Cynthia Rowe,1999,INR,captured,2026-08-06
PAY5216,ORD1216,John Mcintyre,1299,INR,captured,2026-08-22
PAY5217,ORD1217,Matthew Hoover,2999,INR,captured,2026-08-11
PAY5219,ORD1219,Jessica Fox,1999,INR,captured,2026-08-26
PAY5220,ORD1220,Charles Pitts,2499,INR,captured,2026-08-11
PAY5221,ORD1221,Richard Baker,1499,INR,captured,2026-08-23
PAY5222,ORD1222,Sarah Phelps,2499,INR,captured,2026-08-29
PAY5222_DUP,ORD1222,,2499,INR,captured,2026-08-29
PAY5223,ORD1223,Eugene Higgins,1499,INR,captured,2026-08-27
PAY5224,ORD1224,AMANDA JONES,799,INR,captured,2026-08-17
PAY5225,ORD1225,Nicole Hamilton MD,2999,INR,captured,2026-08-08
PAY5226,ORD1226,Michael Berger,499,INR,captured,2026-08-06
PAY5227,ORD1227,Anthony Howard,9999,INR,captured,2026-08-24
PAY5228,ORD1228,Joseph Knight,3999,INR,captured,2026-08-12
PAY5229,ORD1229,Bob Pitts,499,INR,captured,2026-08-15
PAY5231,ORD1231,Julie Roberts,1299,INR,captured,2026-08-30
PAY5232,ORD1232,Jeremy Reed,5999,INR,captured,2026-09-01
PAY5233,ORD1233,Victor Vaughn,5999,INR,captured,2026-08-26
PAY5234,ORD1234,Christina Cruz,499,INR,captured,2026-08-27
PAY5235,ORD1235,James Howard,1299,INR,captured,2026-08-18
PAY5236,ORD1236,Elizabeth Spence DDS,1299,INR,captured,2026-08-17
PAY5237,ORD1237,Sean Osborne,499,INR,captured,2026-08-06
PAY5239,ORD1239,Crystal Pham,999,INR,captured,2026-08-14
PAY5240,ORD1240,Lisa Byrd,1299,INR,captured,2026-08-10
PAY5241,ORD1241,Stephanie Lucas,999,INR,captured,2026-08-18
PAY5242,ORD1242,Amanda Diaz,5999,INR,captured,2026-08-10
PAY5243,ORD1243,Edward Burgess,799,INR,captured,2026-08-12
PAY5244,ORD1244,Richard Walter,4999,INR,captured,2026-08-21
PAY5245,ORD1245,Susan Rivas,1299,INR,captured,2026-08-16
PAY5246,ORD1246,Terry Coffey,2999,INR,captured,2026-08-18
PAY5247,ORD1247,Gina Wilson,9999,INR,captured,2026-08-07
PAY5248,ORD1248,Vincent Dalton,1499,INR,captured,2026-08-23
PAY5249,ORD1249,Regina Diaz,1999,INR,captured,2026-08-23
PAY5250,ORD1250,Joshua Gibson,999,INR,captured,2026-08-16
PAY5251,ORD1251,Samantha Bentley,4999,INR,captured,2026-08-09
PAY5252,ORD1252,Kaitlyn Harvey,4999,INR,captured,2026-08-31
PAY5253,ORD1253,Leonard Holland,999,INR,captured,2026-08-26
PAY_UNMATCHED_254,ORD1254,Elizabeth Ortiz,1499,INR,captured,2026-08-10
PAY5256,ORD1256,Stephen Taylor,4999,INR,captured,2026-08-26
PAY5257,ORD1257,Travis Horton,499,INR,captured,2026-08-30
PAY5258,ORD1258,Patrick Moore,1499,INR,captured,2026-08-24
PAY5259,ORD1259,Sandra Gilbert,4999,INR,captured,2026-08-17
PAY5260,ORD1260,Jacob Ramos,5999,INR,captured,2026-08-15
PAY5261,ORD1261,Ariana Jennings,2499,INR,captured,2026-08-30
PAY5262,ORD1262,Maria Brown,2499,INR,captured,2026-08-17
PAY5263,ORD1263,Bryan Charles,9999,INR,captured,2026-08-26
PAY5264,ORD1264,Daniel Fowler,1299,INR,captured,2026-08-05
PAY5265,ORD1265,Gavin Zhang,799,INR,captured,2026-08-31
PAY5266,ORD1266,Ronald Spencer,4999,INR,captured,2026-09-01
PAY5267,ORD1267,Sergio Murphy,799,INR,captured,2026-08-11
PAY5267_DUP,ORD1267,,799,INR,captured,2026-08-11
PAY5268,ORD1268,LINDA RAMIREZ,9999,INR,captured,2026-08-11
PAY5269,ORD1269,Ms. Rebecca Rodriguez,1499,INR,captured,2026-08-05
PAY5270,ORD1270,Hunter Kramer,5999,INR,captured,2026-09-01
PAY5271,ORD1271,Christopher Williams,4999,INR,captured,2026-08-24
PAY5272,ORD1272,NICHOLE ALVAREZ,799,INR,captured,2026-08-21
PAY5273,ORD1273,Ashley Gordon,4999,INR,captured,2026-09-02
PAY5274,ORD1274,RICHARD CAMACHO,499,INR,captured,2026-08-29
PAY5275,ORD1275,Mason Johnson,1999,INR,captured,2026-08-27
PAY5276,ORD1276,Jessica Rodriguez,3999,INR,captured,2026-08-25
PAY5277,ORD1277,Bobby Franklin,2499,INR,captured,2026-08-07
PAY5278,ORD1278,Marcus Richards,5999,INR,captured,2026-08-19
PAY5279,ORD1279,Kyle Phillips,1999,INR,captured,2026-08-28
PAY5280,ORD1280,ANNETTE MILES,799,INR,captured,2026-08-30
PAY5281,ORD1281,Cindy Hayes,3999,INR,captured,2026-08-15
PAY5282,ORD1282,Ronald Ross,5999,INR,captured,2026-08-08
PAY5283,ORD1283,Erik Scott,1999,INR,captured,2026-08-11
PAY5284,ORD1284,Kara Davis,499,INR,captured,2026-08-08
PAY5285,ORD1285,BRENT RODGERS,2499,INR,captured,2026-08-10
PAY5286,ORD1286,Laurie Hoffman,2999,INR,captured,2026-08-20
PAY5287,ORD1287,JENNIFER RUSSO,799,INR,captured,2026-08-24
PAY5288,ORD1288,Michelle Schmitt,2499,INR,captured,2026-09-02
PAY5289,ORD1289,Brian Romero,1999,INR,captured,2026-08-11
PAY5290,ORD1290,Courtney Rodriguez,5999,INR,captured,2026-08-31
PAY5291,ORD1291,Phillip Andrews,2999,INR,captured,2026-08-24
PAY5292,ORD1292,Vanessa Cardenas,9999,INR,captured,2026-09-02
PAY5293,ORD1293,Kristin Lynch,999,INR,captured,2026-08-16
PAY5294,ORD1294,Donald Farmer,2499,INR,captured,2026-08-20
PAY5295,ORD1295,Christopher Thomas,9999,INR,captured,2026-08-23
PAY5296,ORD1296,Patrick Bonilla,3999,INR,captured,2026-08-08
PAY5297,ORD1297,Cindy Barnes,5999,INR,captured,2026-08-20
PAY5298,ORD1298,Eric Nguyen,4999,INR,captured,2026-08-31
PAY5299,ORD1299,Sophia Moore,3999,INR,captured,2026-09-02
PAY5300,ORD1300,Brad Ramos,2999,INR,captured,2026-08-24
PAY5301,ORD1301,Mr. Donald Fischer,2999,INR,captured,2026-08-09
PAY5302,ORD1302,Brian Gregory,2499,INR,captured,2026-09-01
PAY5303,ORD1303,MR. ANDREW FOSTER,9999,INR,captured,2026-09-02
PAY5304,ORD1304,Dan Dougherty,4999,INR,captured,2026-08-10
PAY5305,ORD1305,Donna Wilson,1499,INR,captured,2026-08-28
PAY5306,ORD1306,Casey James,1999,INR,captured,2026-08-15
PAY5307,ORD1307,Sandra Drake,1299,INR,captured,2026-08-07
PAY5308,ORD1308,Patrick Graham,799,INR,captured,2026-08-26
PAY5309,ORD1309,Shannon Johnston,1499,INR,captured,2026-08-31
PAY5310,ORD1310,Mark Roberts,2999,INR,captured,2026-08-23
PAY5311,ORD1311,Frederick Solis,1299,INR,captured,2026-08-26
PAY5312,ORD1312,Tamara Davis,2999,INR,captured,2026-08-09
PAY5313,ORD1313,Kevin Warren,4999,INR,captured,2026-08-23
PAY5314,ORD1314,NICHOLE WALKER,4999,INR,captured,2026-08-12
PAY5315,ORD1315,Mark Schmidt,5999,INR,captured,2026-08-13
PAY5315_DUP,ORD1315,,5999,INR,captured,2026-08-13
PAY5316,ORD1316,Hannah Luna,2499,INR,captured,2026-08-11
PAY5317,ORD1317,Charles Gonzalez,1999,INR,captured,2026-09-02
PAY5318,ORD1318,Peter Jones,499,INR,captured,2026-08-27
PAY5319,ORD1319,Justin Riley,2999,INR,captured,2026-08-31
PAY5320,ORD1320,Victoria Morris,1999,INR,captured,2026-08-19
PAY5321,ORD1321,Barry Ramos,999,INR,captured,2026-08-18
PAY5322,ORD1322,Leslie Bell,2999,INR,captured,2026-08-07
PAY5323,ORD1323,Jesse Brown,1299,INR,captured,2026-08-17
PAY5324,ORD1324,Sean Wyatt,1999,INR,captured,2026-09-02
PAY5326,ORD1326,Robert Pearson,1999,INR,captured,2026-08-19
PAY5327,ORD1327,Kathryn Rosario,1499,INR,captured,2026-08-25
PAY5328,ORD1328,Steven Cooper,4999,INR,captured,2026-08-08
PAY_UNMATCHED_329,ORD1329,Carrie Wright,9999,INR,captured,2026-08-25
PAY5331,ORD1331,Raymond Shelton,3999,INR,captured,2026-08-06
PAY5332,ORD1332,Maria Jones,499,INR,captured,2026-08-08
PAY5333,ORD1333,Jasmine King,799,INR,captured,2026-09-02
PAY5334,ORD1334,Felicia Aguilar,1299,INR,captured,2026-08-10
PAY5335,ORD1335,Emily Douglas,9999,INR,captured,2026-08-23
PAY5336,ORD1336,Michael Miller,2499,INR,captured,2026-08-31
PAY5337,ORD1337,Rickey Li,2999,INR,captured,2026-08-29
PAY5338,ORD1338,Michael Romero,3999,INR,captured,2026-08-04
PAY5339,ORD1339,Christopher Lewis,1299,INR,captured,2026-08-27
PAY5340,ORD1340,Zachary Moore,9999,INR,captured,2026-08-18
PAY5341,ORD1341,Ashley Wise,5999,INR,captured,2026-08-29
PAY5342,ORD1342,George Miranda,9999,INR,captured,2026-08-10
PAY5343,ORD1343,Brittany White,2999,INR,captured,2026-08-12
PAY5344,ORD1344,Amanda Diaz,2999,INR,captured,2026-08-15
PAY5345,ORD1345,Lisa Goodwin,499,INR,captured,2026-08-25
PAY5347,ORD1347,Cheyenne Gregory,1499,INR,captured,2026-08-31
PAY5348,ORD1348,Mrs. Diane Reyes,1299,INR,captured,2026-08-29
PAY5349,ORD1349,Christopher Gonzalez,2499,INR,captured,2026-09-02
PAY5350,ORD1350,David Davidson,9999,INR,captured,2026-08-22
PAY5351,ORD1351,Ashley Singleton,1299,INR,captured,2026-08-10
PAY5352,ORD1352,Phillip Nelson,1499,INR,captured,2026-08-28
PAY5353,ORD1353,Jeffrey Potts,5999,INR,captured,2026-08-14
PAY5354,ORD1354,Stacey Arias,4999,INR,captured,2026-08-24
PAY5355,ORD1355,Jonathan Young,1999,INR,captured,2026-08-07
PAY5356,ORD1356,Alfred Galvan,2999,INR,captured,2026-08-20
PAY5357,ORD1357,Brenda Mitchell,3999,INR,captured,2026-08-26
PAY5358,ORD1358,Brenda Thornton,3999,INR,captured,2026-08-25
PAY5359,ORD1359,Susan Smith,1999,INR,captured,2026-08-14
PAY5360,ORD1360,Kimberly Acosta,2499,INR,captured,2026-08-29
PAY5361,ORD1361,Ricardo Young,9999,INR,captured,2026-08-09
PAY5362,ORD1362,Jason Bauer,3999,INR,captured,2026-08-26
PAY5363,ORD1363,Russell Porter,1999,INR,captured,2026-08-30
PAY5363_DUP,ORD1363,,1999,INR,captured,2026-08-30
PAY5364,ORD1364,Jose Allen,1999,INR,captured,2026-08-10
PAY_UNMATCHED_365,ORD1365,Aaron Gomez,9999,INR,captured,2026-08-31
PAY5366,ORD1366,Matthew Miller,2999,INR,captured,2026-08-21
PAY5367,ORD1367,Joseph Romero,1499,INR,captured,2026-08-28
PAY5368,ORD1368,Jeanette Harrison,1499,INR,captured,2026-08-22
PAY5369,ORD1369,Mrs. Alexis Kramer,1499,INR,captured,2026-08-20
PAY5370,ORD1370,Matthew Garcia,1299,INR,captured,2026-09-01
PAY5371,ORD1371,Evelyn Williams,799,INR,captured,2026-08-30
PAY5372,ORD1372,Marvin Greer,9999,INR,captured,2026-08-26
PAY5373,ORD1373,Mrs. Catherine Taylor,1299,INR,captured,2026-08-26
PAY5374,ORD1374,Dakota Moody,1999,INR,captured,2026-08-06
PAY5375,ORD1375,ERIC SANDERS,799,INR,captured,2026-08-30
PAY5376,ORD1376,Andrew Lucas,9999,INR,captured,2026-08-17
PAY5377,ORD1377,Richard Glenn,3999,INR,captured,2026-08-20
PAY5378,ORD1378,Robert Kim,9999,INR,captured,2026-08-23
PAY5379,ORD1379,Stephanie Hughes,999,INR,captured,2026-08-13
PAY5380,ORD1380,Jonathan Glass MD,1299,INR,captured,2026-08-08
PAY5381,ORD1381,Angela Morrison,1299,INR,captured,2026-08-12
PAY5382,ORD1382,Erica Miller,9999,INR,captured,2026-08-18
PAY5383,ORD1383,Lance Simmons,2999,INR,captured,2026-08-25
PAY5384,ORD1384,Andrew Berg,1499,INR,captured,2026-08-21
PAY5385,ORD1385,Jessica Fowler,9999,INR,captured,2026-08-06
PAY5386,ORD1386,MARK COX,4999,INR,captured,2026-08-11
PAY5387,ORD1387,Brenda Lawson,3999,INR,captured,2026-08-25
PAY5387_DUP,ORD1387,,3999,INR,captured,2026-08-25
PAY5388,ORD1388,Austin Osborne,4999,INR,captured,2026-08-21
PAY5389,ORD1389,TRAVIS JOHNSON,1499,INR,captured,2026-08-11
PAY_UNMATCHED_390,ORD1390,Tiffany Watson,799,INR,captured,2026-08-07
PAY5391,ORD1391,Kendra Sanders,1299,INR,captured,2026-08-17
PAY5392,ORD1392,Brian Fitzgerald,1499,INR,captured,2026-08-28
PAY5392_DUP,ORD1392,,1499,INR,captured,2026-08-28
PAY5393,ORD1393,Susan Wilson,1299,INR,captured,2026-08-16
PAY5394,ORD1394,Cindy Carr,1999,INR,captured,2026-08-27
PAY_UNMATCHED_395,ORD1395,Chad Jones,1499,INR,captured,2026-08-12
PAY5396,ORD1396,Jill Miller,499,INR,captured,2026-08-19
PAY5397,ORD1397,Michelle Pierce,9999,INR,captured,2026-08-18
PAY5398,ORD1398,Sarah Joseph,3999,INR,captured,2026-08-12
PAY5399,ORD1399,Katie Martinez,999,INR,captured,2026-08-13
PAY5400,ORD1400,Cynthia Snyder,499,INR,captured,2026-08-21
PAY5401,ORD1401,Jackie Lara,499,INR,captured,2026-08-30
PAY5402,ORD1402,Stephen Jones,3999,INR,captured,2026-08-23
PAY5403,ORD1403,DR. KELLY HAMMOND DVM,1499,INR,captured,2026-08-07
PAY5404,ORD1404,Evan Jones,9999,INR,captured,2026-08-26
PAY5404_DUP,ORD1404,,9999,INR,captured,2026-08-26
PAY5405,ORD1405,Haley Humphrey,999,INR,captured,2026-08-30
PAY5406,ORD1406,CATHERINE BURCH,5999,INR,captured,2026-08-25
PAY5407,ORD1407,Sheena Guerra,2999,INR,captured,2026-08-29
PAY5408,ORD1408,Christopher Morris,799,INR,captured,2026-08-14
PAY5409,ORD1409,Todd Jacobson,499,INR,captured,2026-08-07
PAY5410,ORD1410,Mark Pierce,4999,INR,captured,2026-08-10
PAY5411,ORD1411,Lisa Davis,1499,INR,captured,2026-08-12
PAY5412,ORD1412,Lauren Jackson,2999,INR,captured,2026-09-02
PAY5413,ORD1413,Thomas Williams,2999,INR,captured,2026-08-05
PAY5416,ORD1416,Mr. Dylan Frye MD,999,INR,captured,2026-08-23
PAY5417,ORD1417,Benjamin Brown,499,INR,captured,2026-08-25
PAY5418,ORD1418,John Peterson,1499,INR,captured,2026-08-10
PAY5419,ORD1419,Nathan Gross,2999,INR,captured,2026-08-20
PAY5420,ORD1420,Bianca Wood,799,INR,captured,2026-08-31
PAY5421,ORD1421,David Martinez,799,INR,captured,2026-08-25
PAY5422,ORD1422,Brent Roberts,2499,INR,captured,2026-08-22
PAY5423,ORD1423,Jennifer Estes,2999,INR,captured,2026-08-11
PAY5424,ORD1424,Taylor Griffith,799,INR,captured,2026-08-13
PAY5425,ORD1425,KATHLEEN ROBERTSON,4999,INR,captured,2026-08-28
PAY5426,ORD1426,Kathleen Davis,5999,INR,captured,2026-08-23
PAY5427,ORD1427,Tracy Lewis,5999,INR,captured,2026-08-21
PAY5428,ORD1428,Douglas Harper,499,INR,captured,2026-08-26
PAY5429,ORD1429,Adam Rodriguez,999,INR,captured,2026-08-10
PAY5430,ORD1430,Monica Gallagher,999,INR,captured,2026-08-21
PAY5431,ORD1431,Anthony Hoffman,4999,INR,captured,2026-08-21
PAY5432,ORD1432,Angel Gordon,799,INR,captured,2026-08-30
PAY5433,ORD1433,William Becker,1299,INR,captured,2026-08-09
PAY5434,ORD1434,Brent Brooks,799,INR,captured,2026-08-20
PAY5435,ORD1435,Holly Thomas,3999,INR,captured,2026-09-02
PAY5436,ORD1436,Kathryn Williams,2499,INR,captured,2026-08-10
PAY5437,ORD1437,Regina Stone,4999,INR,captured,2026-08-11
PAY5438,ORD1438,Kaylee Murphy,4999,INR,captured,2026-09-02
PAY5439,ORD1439,James Jensen,4999,INR,captured,2026-08-18
PAY5440,ORD1440,Katie Hicks,1299,INR,captured,2026-08-27
PAY5441,ORD1441,Elizabeth Cabrera,3999,INR,captured,2026-08-21
PAY5442,ORD1442,Brian Butler,2999,INR,captured,2026-08-18
PAY5443,ORD1443,Molly Watts,2999,INR,captured,2026-08-05
PAY5444,ORD1444,Deborah Rios,1499,INR,captured,2026-09-01
PAY5445,ORD1445,Mikayla Silva,4999,INR,captured,2026-08-12
PAY5446,ORD1446,Michelle Hampton,2499,INR,captured,2026-08-22
PAY5447,ORD1447,Michael Johnson,1499,INR,captured,2026-08-09
PAY5448,ORD1448,Jeremy Barnes,4999,INR,captured,2026-08-24
PAY5449,ORD1449,Jennifer Hampton,4999,INR,captured,2026-08-26
PAY_UNMATCHED_450,ORD1450,Nancy Brown,499,INR,captured,2026-08-10
PAY5451,ORD1451,Kristina Bolton,4999,INR,captured,2026-08-27
PAY5452,ORD1452,Emily Thompson,9999,INR,captured,2026-08-29
PAY5453,ORD1453,Hector Ingram,799,INR,captured,2026-08-16
PAY5454,ORD1454,Cheryl Wright,1299,INR,captured,2026-08-31
PAY5455,ORD1455,Todd Hendrix,5999,INR,captured,2026-08-18
PAY5455_DUP,ORD1455,,5999,INR,captured,2026-08-18
PAY5456,ORD1456,Melissa Burns,1299,INR,captured,2026-08-27
PAY5457,ORD1457,Timothy Pope,1499,INR,captured,2026-08-17
PAY5458,ORD1458,KENNETH DANIELS,5999,INR,captured,2026-08-23
PAY5459,ORD1459,Tina Ballard,799,INR,captured,2026-08-18
PAY5460,ORD1460,Tyler Miller,999,INR,captured,2026-08-25
PAY5461,ORD1461,Nicole Lewis,999,INR,captured,2026-08-30
PAY5462,ORD1462,Justin Nelson,3999,INR,captured,2026-08-09
PAY5464,ORD1464,David Garcia,999,INR,captured,2026-08-20
PAY5465,ORD1465,Ashlee Townsend,2499,INR,captured,2026-08-04
PAY5466,ORD1466,Vanessa Moore,2999,INR,captured,2026-08-27
PAY5467,ORD1467,Curtis Maynard,9999,INR,captured,2026-08-19
PAY5468,ORD1468,Anthony Mack,4999,INR,captured,2026-08-31
PAY5469,ORD1469,Parker Jefferson,2999,INR,captured,2026-08-05
PAY5470,ORD1470,Carrie Khan,1499,INR,captured,2026-08-12
PAY5471,ORD1471,AMANDA HUFF,499,INR,captured,2026-08-28
PAY5472,ORD1472,Paul Brennan,1299,INR,captured,2026-08-18
PAY5473,ORD1473,ALEXANDRA BRADLEY,1499,INR,captured,2026-08-09
PAY5474,ORD1474,Frances Gibson,9999,INR,captured,2026-08-30
PAY5475,ORD1475,Stacy Anderson,1499,INR,captured,2026-08-28
PAY5476,ORD1476,Corey Rodriguez,9999,INR,captured,2026-08-11
PAY5477,ORD1477,Mariah Higgins,2999,INR,captured,2026-08-04
PAY5478,ORD1478,Rachel Bradley,799,INR,captured,2026-08-13
PAY5479,ORD1479,Scott Prince,5999,INR,captured,2026-08-24
PAY5480,ORD1480,Angie Caldwell,1299,INR,captured,2026-08-12
PAY5481,ORD1481,Mrs. Taylor Smith,1499,INR,captured,2026-08-22
PAY5482,ORD1482,Paul Finley,5999,INR,captured,2026-08-18
PAY5483,ORD1483,Laura Green,4999,INR,captured,2026-08-21
PAY5484,ORD1484,Amy Wilson,5999,INR,captured,2026-08-18
PAY5485,ORD1485,Michael Leblanc,1299,INR,captured,2026-08-19
PAY5486,ORD1486,Margaret Shepard,2499,INR,captured,2026-08-21
PAY5487,ORD1487,Colleen Anderson,799,INR,captured,2026-08-11
PAY_UNMATCHED_489,ORD1489,Nicole Pham,1299,INR,captured,2026-08-14
PAY5490,ORD1490,MELANIE LARSON,5999,INR,captured,2026-08-07
PAY5491,ORD1491,Kelsey Cox,999,INR,captured,2026-08-31
PAY5492,ORD1492,Ronald Leach,1499,INR,captured,2026-08-13
PAY5493,ORD1493,Brittany Murphy,999,INR,captured,2026-08-29
PAY5494,ORD1494,Michael Love,799,INR,captured,2026-08-27
PAY5495,ORD1495,Jordan Stokes,499,INR,captured,2026-08-26
PAY5496,ORD1496,Jason Elliott,999,INR,captured,2026-08-31
PAY5497,ORD1497,Robert Cummings,1499,INR,captured,2026-08-23
PAY5498,ORD1498,Aaron Robinson,4999,INR,captured,2026-08-07
PAY5499,ORD1499,Gregory Brown,9999,INR,captured,2026-08-06
PAY5500,ORD1500,Andrea Peck,4999,INR,captured,2026-08-05
